product_id,product_name,product_code,product_description,product_thumbnail,status
9446,1st Choice $250 Gift Card,1C250,1St Choice $250 Gift Card,http://www.hinoguild.com.au/resources/AdIncThumb/1C250sm.jpg,Enabled
9447,1st Choice $500 Gift Card,1C500,1St Choice $500 Gift Card,http://www.hinoguild.com.au/resources/AdIncThumb/1C250sm.jpg,Enabled
9422,Bunnings $250 Gift Card,BUN250,Bunnings $250 Gift Card,http://www.hinoguild.com.au/resources/AdIncThumb/BUN250sm.jpg,Enabled
9423,Bunnings $50 Gift Card,BUN50,Bunnings $50 Gift Card,http://www.hinoguild.com.au/resources/AdIncThumb/BUN250sm.jpg,Enabled
9424,Bunnings $500 Gift Card,BUN500,Bunnings $500 Gift Card,http://www.hinoguild.com.au/resources/AdIncThumb/BUN500sm.jpg,Enabled
9448,Coles $250 Gift Card,COL250,Coles $250 Gift Card,http://www.hinoguild.com.au/resources/AdIncThumb/COL250sm.jpg,Enabled
9449,Coles $500 Gift Card,COL500,Coles $500 Gift Card,http://www.hinoguild.com.au/resources/AdIncThumb/COL250sm.jpg,Enabled
9425,David Jones $250 Gift Card,DAV250,David Jones $250 Gift Card,http://www.hinoguild.com.au/resources/AdIncThumb/DAV250sm.jpg,Enabled
9426,David Jones $500 Gift Card,DAV500,David Jones $500 Gift Card,http://www.hinoguild.com.au/resources/AdIncThumb/DAV500sm.jpg,Enabled
9489,Flight Centre $250 Gift Card,FLI250,Flight Centre $250 Gift Card,http://www.hinoguild.com.au/resources/AdIncThumb/FLI250sm.jpg,Enabled
9490,Flight Centre $50 Gift Card,FLI50,Flight Centre $50 Gift Card,http://www.hinoguild.com.au/resources/AdIncThumb/FLI250sm.jpg,Enabled
9491,Flight Centre $500 Gift Card,FLI500,Flight Centre $500 Gift Card,http://www.hinoguild.com.au/resources/AdIncThumb/FLI250sm.jpg,Enabled
9427,Harvey Norman $250 Gift Card,HAR250,Harvey Norman $250 Gift Card,http://www.hinoguild.com.au/resources/AdIncThumb/HAR250sm.jpg,Enabled
9428,Harvey Norman $50 Gift Card,HAR50,Harvey Norman $50 Gift Card,http://www.hinoguild.com.au/resources/AdIncThumb/HAR250sm.jpg,Enabled
9429,Harvey Norman $500 Gift Card,HAR500,Harvey Norman $500 Gift Card,http://www.hinoguild.com.au/resources/AdIncThumb/HAR250sm.jpg,Enabled
9430,K-Mart $250 Gift Card,KM250,K-Mart $250 Gift Card,http://www.hinoguild.com.au/resources/AdIncThumb/KM250sm.jpg,Enabled
9431,K-Mart $500 Gift Card,KM500,K-Mart $500 Gift Card,http://www.hinoguild.com.au/resources/AdIncThumb/KM250sm.jpg,Enabled
9432,Myer $250 Gift Card,MYE250,Myer $250 Gift Card,http://www.hinoguild.com.au/resources/AdIncThumb/MYE250sm.jpg,Enabled
9433,Myer $500 Gift Card,MYE500,Myer $500 Gift Card,http://www.hinoguild.com.au/resources/AdIncThumb/MYE250sm.jpg,Enabled
9434,Officeworks $250 Gift Card,OW250,Officeworks $250 Gift Card,http://www.hinoguild.com.au/resources/AdIncThumb/OW250sm.jpg,Enabled
9435,Officeworks $500 Gift Card,OW500,Officeworks $500 Gift Card,http://www.hinoguild.com.au/resources/AdIncThumb/OW250sm.jpg,Enabled
9436,R. M Williams $250 Gift Card,R.250,R. M Williams $250 Gift Card,http://www.hinoguild.com.au/resources/AdIncThumb/R.250sm.jpg,Enabled
9437,R. M Williams $50 Gift Card,R.50,R. M Williams $50 Gift Card,http://www.hinoguild.com.au/resources/AdIncThumb/R.250sm.jpg,Enabled
9438,R. M Williams $500 Gift Card,R.500,R. M Williams $500 Gift Card,http://www.hinoguild.com.au/resources/AdIncThumb/R.250sm.jpg,Enabled
9458,Rebel Sports $250 Gift Card,REB250,Rebel Sports $250 Gift Card,http://www.hinoguild.com.au/resources/AdIncThumb/REB250sm.jpg,Enabled
9459,Rebel Sports $50 Gift Card,REB50,Rebel Sports $50 Gift Card,http://www.hinoguild.com.au/resources/AdIncThumb/REB250sm.jpg,Enabled
9460,Rebel Sports $500 Gift Card,REB500,Rebel Sports $500 Gift Card,http://www.hinoguild.com.au/resources/AdIncThumb/REB250sm.jpg,Enabled
9439,Target $250 Gift Card,TG250,Target $250 Gift Card,http://www.hinoguild.com.au/resources/AdIncThumb/TG250sm.jpg,Enabled
9440,Target $500 Gift Card,TG500,Target $500 Gift Card,http://www.hinoguild.com.au/resources/AdIncThumb/TG250sm.jpg,Enabled
9441,Tiffany $250 Gift Card,TIF250,Tiffany $250 Gift Card,http://www.hinoguild.com.au/resources/AdIncThumb/TIF250sm.jpg,Enabled
9442,Tiffany $50 Gift Card,TIF50,Tiffany $50 Gift Card,http://www.hinoguild.com.au/resources/AdIncThumb/TIF250sm.jpg,Enabled
9443,Tiffany $500 Gift Card,TIF500,Tiffany $500 Gift Card,http://www.hinoguild.com.au/resources/AdIncThumb/TIF250sm.jpg,Enabled
9450,Vintage Cellars $250 Gift Card,VC250,Vintage Cellars $250 Gift Card,http://www.hinoguild.com.au/resources/AdIncThumb/VC250sm.jpg,Enabled
9451,Vintage Cellars $500 Gift Card,VC500,Vintage Cellars $500 Gift Card,http://www.hinoguild.com.au/resources/AdIncThumb/VC250sm.jpg,Enabled
9444,Westfield $250 Gift Card,WES250,Westfield $250 Gift Card,http://www.hinoguild.com.au/resources/AdIncThumb/WES250sm.jpg,Enabled
9445,Westfield $500 Gift Card,WES500,Westfield $500 Gift Card,http://www.hinoguild.com.au/resources/AdIncThumb/WES250sm.jpg,Enabled
9452,Wish $250 Gift Card,BIG250,Wish List $250 Gift Card,http://www.hinoguild.com.au/resources/AdIncThumb/BIG250sm.jpg,Enabled
9453,Wish $50 Gift Card,BIG50,Wish List $50 Gift Card,http://www.hinoguild.com.au/resources/AdIncThumb/BIG250sm.jpg,Enabled
9454,Wish $500 Gift Card,BIG500,Wish List $500 Gift Card,http://www.hinoguild.com.au/resources/AdIncThumb/BIG250sm.jpg,Enabled
9492,Wotif $250 Gift Card,WOT250,Wotif $250 Gift Card,http://www.hinoguild.com.au/resources/AdIncThumb/WOT250sm.jpg,Enabled
9493,Wotif $50 Gift Card,WOT50,Wotif $50 Gift Card,http://www.hinoguild.com.au/resources/AdIncThumb/WOT250sm.jpg,Enabled
9494,Wotif $500 Gift Card,WOT500,Wotif $500 Gift Card,http://www.hinoguild.com.au/resources/AdIncThumb/WOT250sm.jpg,Enabled
9495,$50 Eftpos Card,eftpos-50,$50 Eftpos Card,http://www.hinoguild.com.au/resources/AdIncThumb/eftpos.jpg,Enabled
9496,$100 Eftpos Card,eftpos-100,$100 Eftpos Card,http://www.hinoguild.com.au/resources/AdIncThumb/eftpos.jpg,Enabled
9497,$200 Eftpos Card,eftpos-200,$200 Eftpos Card,http://www.hinoguild.com.au/resources/AdIncThumb/eftpos.jpg,Enabled
9498,$500 Eftpos Card,eftpos-500,$500 Eftpos Card,http://www.hinoguild.com.au/resources/AdIncThumb/eftpos.jpg,Enabled
